validity,uniqueness,novelty,kl divergence,frechet chemnet distance,pct_connected,sa_scores,pct_easily_synthesized,qed_scores
1.0,0.1927,0.3472,0.35273178273407463,0.0036275341280811247,1.0,"[1.2006534495197254, 2.3479034547150075, 2.3479034547150075, 1.776850104627563, 1.7703636972251715, 2.180388475348332, 1.9051617741482474, 3.005568958449736, 1.7241665818405565, 2.218518709462044, 1.954498683910467, 2.622345163296064, 2.622345163296064, 2.6151950094499092, 2.622345163296064, 2.622345163296064, 2.4477945150108216, 2.622345163296064, 2.622345163296064, 2.6151950094499092, 2.6151950094499092, 1.9943837517837704, 2.622345163296064, 2.7438128760638953, 1.9350651997475712, 1.9092969644534534, 1.9350651997475712, 2.1053403128697425, 1.9684796331136933, 2.58189013434429, 2.8526107388838184, 2.8526107388838184, 2.8526107388838184, 2.8526107388838184, 2.006129793956573, 1.8001049762147971, 1.8001049762147971, 1.8001049762147971, 1.8001049762147971, 1.8001049762147971, 1.8001049762147971, 1.8001049762147971, 1.722266892242466, 2.3254095882257335, 1.8001049762147971, 2.4541162332504456, 2.4297912632709515, 2.983477532695586, 2.3336291557153235, 2.2459264247620663, 2.6530501849921144, 2.1371692366869848, 2.983477532695586, 2.3336291557153235, 2.638141143248337, 2.933611917356105, 2.441818339925401, 1.8985187226952114, 3.0422281532124194, 2.6373496355415647, 3.4171924777505316, 2.806234043032756, 2.0499048259744512, 2.8999766648263297, 2.8955196356486113, 2.3385103740175666, 2.3385103740175666, 2.8796944367096167, 2.8796944367096167, 2.8796944367096167, 2.9580124019121534, 2.8159271748088273, 1.9928071145651565, 3.3504753199052955, 2.971381896100681, 2.87343046143922, 2.254025779164971, 1.8040287891984157, 2.4376137390311925, 2.705908562101154, 2.3816136472245883, 2.1729112512598974, 1.936681389797032, 3.3489417977876084, 2.4646644644534526, 2.4646644644534526, 2.4646644644534526, 2.4646644644534526, 2.4646644644534526, 2.4646644644534526, 2.4646644644534526, 2.4646644644534526, 2.4646644644534526, 2.4646644644534526, 2.4646644644534526, 2.033417349068838, 2.4646644644534526, 2.4863436191276804, 2.299054058688119, 3.0734986497700563]",1.0,"[0.6240969235528274, 0.7480847519703256, 0.7480847519703256, 0.8450121512877073, 0.8938869086180566, 0.8043125340821351, 0.8073727562066731, 0.871181767354182, 0.8584897760492824, 0.7518744649305529, 0.8228196543448244, 0.804326991321879, 0.804326991321879, 0.8240945587261594, 0.804326991321879, 0.804326991321879, 0.8573332692638905, 0.804326991321879, 0.804326991321879, 0.8240945587261594, 0.8240945587261594, 0.8391947985104075, 0.804326991321879, 0.7315096839280805, 0.9020782049938725, 0.9117275181742563, 0.9020782049938725, 0.8512911292443041, 0.9275489994198589, 0.5892030680097069, 0.8877496160133933, 0.8877496160133933, 0.8877496160133933, 0.8877496160133933, 0.8864760819477213, 0.8005841011021471, 0.8005841011021471, 0.8005841011021471, 0.8005841011021471, 0.8005841011021471, 0.8005841011021471, 0.8005841011021471, 0.8340640678141403, 0.8167082512616379, 0.8005841011021471, 0.8049078975186368, 0.8546927401421949, 0.9131044485027748, 0.9205015398812768, 0.9278311361426165, 0.8485775710971439, 0.8848026862382092, 0.9131044485027748, 0.9205015398812768, 0.6753832929507306, 0.4830372296121879, 0.7428643611820053, 0.6088271270351732, 0.5400361438938163, 0.618332490346781, 0.6191826003203654, 0.6065356729337015, 0.8728860210170307, 0.8678122796097425, 0.8452442538483651, 0.8618716122238429, 0.8618716122238429, 0.8678122796097425, 0.8678122796097425, 0.8678122796097425, 0.9267891581232057, 0.9043737271837906, 0.8394407792871229, 0.7932317067138985, 0.8392745883253587, 0.8090603103099229, 0.8425303714545066, 0.8421876712403134, 0.8295150442851801, 0.6047199302294942, 0.8200452920615543, 0.8689343748478647, 0.7102984057546647, 0.8598567237786886, 0.9018551104748647, 0.9018551104748647, 0.9018551104748647, 0.9018551104748647, 0.9018551104748647, 0.9018551104748647, 0.9018551104748647, 0.9018551104748647, 0.9018551104748647, 0.9018551104748647, 0.9018551104748647, 0.8920810333518363, 0.9018551104748647, 0.3935965565273125, 0.810615218626428, 0.6011936091476096]"
1.0,0.6851,0.9069,0.20212966188052964,0.008619423701964469,0.96,"[1.3717690098246216, 1.0, 1.6366758942163866, 2.210446538783403, 1.79288358115104, 2.3136615075724443, 3.6928647309426754, 1.955575888843347, 1.3098936145958557, 6.687303192481138, 1.6967370928567256, 1.389495043601631, 1.7585117421327752, 2.6569748851439616, 1.5261904687640193, 2.002140509601002, 3.40895381569875, 1.4549436995332492, 2.4071076618525957, 1.4406433918409434, 1.3370243149178638, 1.7233887498953386, 1.9450975456870943, 1.993941237994786, 1.398833545687097, 2.274126509532657, 3.221252756389436, 3.1206587259349945, 2.44875145921144, 2.3944072977099964, 1.8166796230857702, 1.6429594765656237, 2.0109314119538464, 2.6361086239699425, 1.8971353007414464, 2.48148646876402, 2.509720632003509, 1.2547141824510746, 2.6238459938654675, 2.070772544733954, 2.4172597790553922, 1.391801825130976, 2.076455720912614, 2.0848911551557894, 2.0519060434932594, 2.088363413220307, 1.5835844554039298, 2.0480941824510754, 1.3279649516818441, 1.2427972593741536, 2.040970299459376, 2.038501288470364, 2.1975417863851217, 2.0274984495109045, 1.7567905124567886, 2.0722049098241264, 1.2476128900791679, 1.9480017012679767, 1.5966983994573205, 1.823989181648022, 1.6944303832629881, 1.675708077244943, 1.5851632779998326, 2.391546133438096, 2.5452051141013747, 3.8557020736013783, 2.2397191837854606, 1.550458104603507, 2.027734568400845, 1.8304802479235818, 1.8943592084666623, 4.123641146490039, 2.7598456338060284, 1.646890111252322, 2.8692908066060685, 2.465635903854979, 2.3402692666463523, 2.3410743653934407, 4.626178591441027, 1.9748917244324673, 1.5682705192395971, 1.7907070027560792, 2.35909902479888, 2.156411396319557, 2.6772381305756277, 2.3543613894050193, 3.4828229509860016, 1.9489421241536764, 2.6453750913669527, 2.8817954909310224, 2.3756270707432154, 2.8627350627512076, 2.6199130670470208, 2.6501128269319025, 2.878836189723277, 2.5081365743386588, 2.761972664207036, 2.985424845144191, 2.896478469344613, 3.4311375348058686]",0.98,"[0.4531479654842905, 0.45880627965754545, 0.4719983679006756, 0.6384703314671225, 0.5698981587218371, 0.5273420130058467, 0.40697086243931657, 0.5828045556161388, 0.5759031939735615, 0.3421484095012096, 0.535273155757631, 0.5030676848790228, 0.5998502704501223, 0.6667906237085676, 0.6008283997611804, 0.4714591569144794, 0.23484295523456822, 0.6037316458516871, 0.32944865018132474, 0.6334389825044998, 0.6012315999549896, 0.5330385015550559, 0.6620402339328489, 0.39008312174053233, 0.6343479541352415, 0.6689742220911157, 0.4112544315601938, 0.4716192034852801, 0.422298955221396, 0.621502404697523, 0.6641834234158399, 0.6263238604714195, 0.6308651364660499, 0.4398092993708696, 0.5584406083183904, 0.6395926700744049, 0.5121183236869518, 0.6542396201198042, 0.5322719552271225, 0.7012576216335125, 0.4401177269122593, 0.7141077767909645, 0.6987734534571108, 0.5012850320108133, 0.665453497718657, 0.6852477430472447, 0.6876671339388822, 0.6409363719770066, 0.6445959937960092, 0.6869443648513706, 0.38971111557691057, 0.6609304231499141, 0.8259047419708976, 0.7401324584250797, 0.6957175101402124, 0.6633545530228443, 0.7075989414796954, 0.5879948126305696, 0.6858185207905159, 0.8329247261811027, 0.7813372609487095, 0.6617582522855718, 0.7058266356060686, 0.8019119278568325, 0.6809469259489583, 0.6125811631995283, 0.49556311831523603, 0.8773873256559035, 0.7013558552316164, 0.7584033282309051, 0.6471015273750014, 0.6209004724737165, 0.6235112833794539, 0.7653088970446494, 0.787879258793536, 0.702495406815285, 0.8138199470738124, 0.42761382514079166, 0.5013906435783035, 0.6997140687565943, 0.7895042941912994, 0.9092948408787999, 0.761422430307759, 0.8545896780024015, 0.7221632033394386, 0.775569495681687, 0.4176173676247794, 0.771087602012058, 0.6595724722223831, 0.48702758563598714, 0.6227348381432845, 0.6891403741996364, 0.9221815512935959, 0.6837826230236395, 0.6938271473061035, 0.8814664288252126, 0.877728248826069, 0.5156769274418209, 0.7673011998554866, 0.7943034509954003]"
1.0,0.9979,0.9934,0.8684926380103895,0.2664833201739792,0.82,"[1.7640408111116113, 1.223558174344987, 2.6734571241536766, 1.9644004930677283, 2.3010449417958156, 1.9943922340273694, 2.2352139750577553, 2.3228246942588644, 2.3169625806649563, 3.125612675124736, 3.4535959372827207, 2.6799125753730557, 2.1318316840926474, 3.191628249675338, 2.497125709513721, 3.1555299151340463, 2.7267445243277884, 2.9121878739162224, 2.429932097203457, 2.0304098743547225, 3.072294787512698, 3.096293926306128, 3.463754809486459, 3.2645319049390498, 3.677125154055366, 2.6114092641867934, 2.3912786379253017, 3.1533260209379623, 3.0437751866035345, 3.3188213813310963, 3.562777808928157, 3.0725361382335734, 3.651459645605568, 2.7593544631201414, 2.1578360832955124, 2.752097374913257, 2.8595712955970587, 2.1722019219952635, 2.348849675814355, 4.172770976847291, 3.826628469344614, 2.7068846809926956, 2.3749382943022894, 2.6270229292780467, 3.5095483230161975, 3.116292399522191, 3.3438470875627875, 3.8472497226489004, 2.8348554778433463, 2.5846512810202604, 3.0584161917934587, 4.244314430124195, 4.7004938737003386, 2.8958972622105144, 2.9573752070989023, 3.3958000265365076, 2.6463107341560956, 2.460758833859659, 3.4611783225367905, 4.1103962209845815, 3.9564015094927187, 3.512687488240182, 3.1580514857691053, 3.646293396503494, 5.104053118483543, 3.879741780490477, 4.82620858363876, 4.134800973858814, 3.5109351103001707, 4.2035812424073935, 2.662135749790867, 2.77610260178038, 4.005796336834582, 3.837818174939528, 2.4734326500202037, 3.430166736016263, 3.589200255441323, 3.380650754027341, 3.3705001549828317, 2.507288493853368, 4.505481069759733, 4.099146034946995, 3.2803893614315633, 3.7366548887394506, 3.624865500770877, 5.086918206432493, 3.3043419699094185, 5.143942492767062, 2.581438467047537, 3.2416130926085875, 3.470160692311537, 2.841764768386982, 3.253920809436643, 5.4543057123230785, 4.096778572626881, 3.265050394950012, 4.062861676396727, 3.518717794419244, 2.573120222003915, 4.232061263631715]",0.93,"[0.7462618266508545, 0.819024741146282, 0.8359458308773601, 0.7131848235836117, 0.8991199845058521, 0.8216201716407486, 0.7128695854745862, 0.677053811668426, 0.7543737201666239, 0.5814038563492198, 0.5852935763497954, 0.3396966344517411, 0.8229635934855826, 0.734862246001573, 0.6605160621273178, 0.4858740655022128, 0.2594919165065328, 0.8525031030666473, 0.36966293070454886, 0.5066621050357968, 0.1775575799567902, 0.2512965967431417, 0.5918898743451361, 0.23557613890283763, 0.6263653741321535, 0.44551348353872383, 0.47030425477891796, 0.3211416547869508, 0.5244849814412583, 0.40452371153491884, 0.6425736753474013, 0.19228494026922316, 0.6603204534198468, 0.7855852931452355, 0.6029799405622159, 0.2651645477993877, 0.544499725650528, 0.3838372377589556, 0.7813108869195199, 0.8747828486713509, 0.774325848507902, 0.6674591605993841, 0.5723935701751806, 0.674433384199747, 0.2096982219447042, 0.37624025114449827, 0.5599986263318788, 0.39315847493502065, 0.12566235214914104, 0.13668116050494683, 0.5394442432498899, 0.23122535403393535, 0.21683301913076966, 0.171800518135875, 0.34006532917118854, 0.3451621096502458, 0.11815219505041888, 0.2113272703523176, 0.2822431369589751, 0.559104781204711, 0.5111144280895513, 0.2914881480535132, 0.23621896519654542, 0.23607108452833123, 0.26537493480400687, 0.13734917191570994, 0.14434966773477484, 0.1424830274735523, 0.09442725645440238, 0.33603950064207866, 0.07304428652343316, 0.07976935361383251, 0.08364925875118946, 0.09053240389825583, 0.08204788275576406, 0.08134595934197203, 0.04481581684979147, 0.42495258586145823, 0.08072026671358715, 0.09476304478535447, 0.15688937986232773, 0.08600144357405543, 0.07080962313780921, 0.09649425439708867, 0.04070440323554207, 0.06972084122958767, 0.07246505638969648, 0.31935366775553503, 0.02871122632487087, 0.06508119937919428, 0.047703849268066846, 0.07197950069018573, 0.0424119077625956, 0.18489438175133568, 0.03216332911154349, 0.05212341106948244, 0.05651839895949442, 0.04117354444821698, 0.05387658087932617, 0.0422431100350477]"
1.0,1.0,0.9979,0.7968688867233056,0.34922701518155,0.97,"[1.610128343263323, 2.136933090732949, 1.435339244579101, 2.386688892878052, 2.9924870447497884, 2.113313411230733, 4.185101459025395, 2.6004769117310342, 4.070395788634668, 2.0688222883016447, 4.076718232674697, 2.478303184615246, 2.2254998664144576, 3.1663761743526937, 2.6330729801226553, 2.3806418445981485, 3.2351519886251268, 3.0485316727682985, 3.2144163804635255, 3.2601946602186356, 2.927446780525475, 3.0923023315583524, 2.794183353440568, 2.5265258457389628, 2.4285366117759306, 2.7837217672007206, 2.8531134652321626, 3.2506119335506476, 2.6697830357428547, 2.550213611286363, 2.3510667929191875, 2.9407328378042443, 3.908683224870675, 2.327945630776677, 4.296957756285758, 2.331050576142834, 3.3254934015922544, 3.3969391096969073, 4.439989670940401, 3.426463309829141, 2.031658928484335, 4.014293079751184, 3.405913723120867, 2.357372437933668, 1.9670027688158864, 3.7229988558955895, 2.211815902666423, 3.4952665453871488, 3.8670871096804564, 2.9288063845100574, 3.073418405684121, 4.779652608301322, 2.75881986657617, 2.9695121175201926, 4.212373689796477, 3.396516190931383, 4.251424700429328, 4.025880345720932, 2.6123353437945376, 4.413320128261878, 4.0369290880854045, 4.21576021744108, 2.6054324553445163, 4.069063060622071, 4.546967991469666, 4.501421494644335, 5.950338080883516, 3.7389745060996686, 3.087318739491492, 3.2663134350509004, 6.799188981228598, 2.488544398429166, 3.2313402205420942, 7.963580736278981, 4.030012052853368, 3.395166569324246, 3.7982568467674502, 3.844415076202319, 3.470464197366951, 5.2974878436915045, 3.497931170482114, 3.94662777741158, 3.499780093680494, 4.25093267630024, 6.337420838896391, 7.204319961016836, 3.2905396130745963, 4.23711506266106, 4.140585400390731, 3.62581043155315, 6.290000167154223, 5.517483701530495, 6.298292092482396, 4.380037884573569, 5.4450087749428056, 4.567804322909105, 5.194033513261198, 4.570614652484266, 5.912524502250663, 4.4180059969906615]",0.83,"[0.7059717831375069, 0.7951448561418578, 0.6928341090210298, 0.36239420397512406, 0.7523056070827101, 0.5292334567679221, 0.8452806778984613, 0.7595411277612263, 0.6273262604899925, 0.2844804309033371, 0.40695029110715475, 0.7235267338222904, 0.4977010727281949, 0.4226990823148306, 0.1571153420264855, 0.4659145903063291, 0.27880323743926727, 0.4760674879720715, 0.30713451283869836, 0.6343939627935031, 0.35698587494903944, 0.28786239259201674, 0.7851390268627703, 0.42378872087683683, 0.9021740164385762, 0.5201400115689717, 0.26494980553158604, 0.4582505203413529, 0.2437192923970621, 0.39854051266730767, 0.7184069453115397, 0.35334248978680133, 0.6686777374140297, 0.319345316163475, 0.4891464936008791, 0.3300384495886089, 0.4764813344208537, 0.30015938166512207, 0.5487101413457145, 0.44219428770415675, 0.28638452586789087, 0.2267157825122142, 0.3434639892748644, 0.14706942991714306, 0.6731551969675745, 0.561497245140849, 0.2919671249971364, 0.2355513749220764, 0.4790923479343113, 0.3872127570919327, 0.5190648608172236, 0.193648078449765, 0.27590215029985915, 0.29442383519155635, 0.39126244609756966, 0.17612272425685424, 0.1330076410715994, 0.27804128093204855, 0.26084002997730843, 0.6188376172181886, 0.21266808661045603, 0.10485563800309255, 0.6505325088244936, 0.11381633492061038, 0.1895109591725399, 0.1762351408534466, 0.4523021694172249, 0.09568937917716275, 0.14637838209417958, 0.21360455153437619, 0.31055215661204666, 0.25765590563071417, 0.04660511637907997, 0.22477139032229354, 0.19447112364032929, 0.2868745378393802, 0.2545170760517575, 0.10409501300800963, 0.3366848493504769, 0.1338378428670947, 0.03483638555925779, 0.04597692293816526, 0.0533684711926426, 0.0333832970136961, 0.1548103029427554, 0.2836443099804549, 0.1967224213562533, 0.10021257120531932, 0.07159034073623917, 0.05704527437750112, 0.13379663094659994, 0.09567100296775832, 0.14777833926694844, 0.029707652977090104, 0.10622267875916053, 0.04664647090637192, 0.028909730466895787, 0.02954262700604424, 0.22041259107969036, 0.019006277109764748]"
1.0,0.9999,0.997,0.824105234530575,0.3313890927967353,0.94,"[2.7723123555279976, 3.0891091423671266, 2.54623176671212, 2.59765874429136, 2.3875798979555416, 3.1225176929079295, 2.400338714874458, 3.460906160293977, 3.2266612373052173, 2.311952843807962, 2.61041665717258, 2.041318174293748, 2.8675697669701155, 2.776788899649132, 2.652632645405971, 2.097235800642105, 2.2553605435090933, 2.7525954613096193, 2.5491966065047222, 2.9891045670674075, 2.8797855637358865, 3.997027766487941, 3.6951487202328908, 3.672998695820012, 2.7730344728331673, 3.171792774638181, 3.418071204683975, 2.305936021009618, 3.8687976453058663, 3.098714930638261, 3.2850375696726335, 3.569115606753135, 3.211457127011321, 3.4759229588201954, 3.130897746010028, 3.8051893960377585, 3.810593936236735, 2.3675559089431744, 3.8037911833507163, 3.3812466204138083, 2.328235800642105, 3.5441863481676172, 2.3668776301327483, 4.053645286886041, 3.558170466377611, 4.210418842286034, 3.900717411926502, 3.3137344054608233, 2.9083644668967175, 2.805311531068803, 3.614844912809068, 4.411814046686205, 5.7906580672876355, 2.763247669015165, 3.5075869856035666, 2.871399088217782, 4.105484031192529, 2.797413137155022, 3.5495157437871505, 7.088505728575953, 5.611770076647623, 3.1604345598695245, 3.841919562528922, 3.08908438778865, 4.147419121131808, 6.719405260251659, 3.267186056562876, 5.905812208199549, 3.8968033687059034, 2.374496331655372, 4.76898533883073, 5.530111398914034, 4.800032857396783, 7.401666378506673, 3.9888169768845607, 4.342240066825416, 5.177001085035084, 4.939055207996282, 3.993424157497685, 4.393355274203552, 3.1778067869154683, 4.5597681640069, 5.849589490768084, 6.054266051031904, 4.883787228410667, 3.9001242538747363, 4.744555778801986, 3.6507512267678086, 4.361755960226691, 4.440530967161449, 4.471780561915225, 4.840013990108236, 4.642716396503495, 3.6044422745791316, 4.0650758481825555, 7.436017775916001, 6.671364312899065, 7.4118831848605975, 6.7459334820485015, 7.31323623069569]",0.77,"[0.6407329604822894, 0.8333688618995713, 0.6264377763662307, 0.9025052220385694, 0.8362252908728195, 0.9112420509301712, 0.6588974075230931, 0.7210615487802874, 0.8670692185750358, 0.7551194872756463, 0.7244725547867277, 0.5444796595945346, 0.7684054284037155, 0.6035703956452627, 0.5943663078660636, 0.5214015325272551, 0.6915592786544544, 0.36739472244064214, 0.4113618709458241, 0.23316026454726718, 0.3648402929132197, 0.4799301271715838, 0.5329369775632775, 0.1509499013007488, 0.28503404970382185, 0.5222461469672597, 0.7510983532984554, 0.30956280676973313, 0.18750878850595568, 0.1787939428707564, 0.38273636939396255, 0.5984184314611394, 0.4882711100965834, 0.8135304067515258, 0.6224919204487415, 0.5169136023596426, 0.5422061039864526, 0.23543726305212254, 0.14666328857556263, 0.6282637841015376, 0.3621034406702093, 0.15247418905177682, 0.48576992348564213, 0.5344936778009428, 0.15473548432692427, 0.4207483751156236, 0.1453489100664145, 0.12294427918068195, 0.4756985236379946, 0.32422437274510896, 0.9075243199730345, 0.4435974619580186, 0.5054361989162635, 0.7149634516603941, 0.5992883211544755, 0.5121315433129044, 0.135148310470508, 0.39615324534130125, 0.6606393487684988, 0.6720504188235921, 0.24249619068432376, 0.7306921456575894, 0.7234691842817527, 0.20590767585907327, 0.3520643782747057, 0.26606856019361885, 0.6657059568524498, 0.5342457727479789, 0.4863505829772411, 0.5425527266979246, 0.5186833062349795, 0.5716746747958498, 0.36303785306276704, 0.6826427477959048, 0.39553585167598543, 0.3228276706197078, 0.5244195934902907, 0.1470631883503962, 0.20729767953075315, 0.22904840611650235, 0.5976803805852676, 0.6064554757619264, 0.18661818527514842, 0.07082967953516583, 0.21364723766830582, 0.4372458520340974, 0.4087778102150475, 0.5781172244352105, 0.12483256494068593, 0.36270297956336994, 0.14824612205658375, 0.25744625735705245, 0.12483934810211865, 0.04595799012280814, 0.10164421433071764, 0.25381864663375747, 0.5352525812305816, 0.2765450860329122, 0.25369080919465786, 0.17300106972264476]"
1.0,0.9549,0.9677,0.47146320751363147,0.08737978636851716,0.85,"[2.324850509601001, 3.029688207894453, 2.273849361309342, 1.0, 1.8055003362972304, 1.7956213549229076, 1.9329449267924552, 1.920822468764019, 2.428825447021021, 2.581087523288179, 1.5039634132203066, 1.5675752152539921, 3.4767559540783886, 1.60534033629723, 3.169229265964943, 1.6665565461626919, 2.316710392316539, 3.242723078144916, 1.546882004038153, 3.384182694005128, 2.024420427994402, 2.6525069308830744, 2.96814481045765, 3.061930337311664, 2.289386949093096, 2.4700941590235885, 2.240172893384445, 3.1944533866951073, 3.18482334192789, 4.043816660308314, 2.527834523439859, 2.6434502356867107, 2.067434836704283, 1.9373886972251722, 1.9063159690515725, 2.8836408111116096, 3.405934120413807, 3.178954097824896, 2.5974592666463536, 4.324275001697436, 1.638159604644569, 2.495608980778057, 2.7791143836592216, 1.889587319040185, 1.6891564497453082, 1.731097340482611, 4.145705660084715, 2.123649816461368, 2.3529150672387598, 2.1232688341351107, 2.60646707566546, 1.7421261767924534, 1.9413261767924528, 3.2059367072723415, 2.6275391473110083, 2.36761491992962, 2.616754542177068, 3.227326420532176, 2.7963931240671194, 2.283778211547288, 2.9863975080571965, 2.2527641268487404, 2.564697351071324, 3.217826110516887, 2.8460664706566003, 2.881427265677724, 3.399536774148248, 2.3605037074793493, 3.8590941273269443, 3.0401129322631544, 4.527698811221246, 3.045225301645001, 2.2916511809227345, 2.4941326566980546, 3.0291477868521017, 2.2926561367294305, 2.4192423792765503, 2.129259199934774, 3.159157705205761, 3.279445158893708, 1.7499258666014406, 2.4584288516922506, 2.5832052149945, 3.3631016684907316, 3.065270339435278, 2.5654911377381033, 2.6905823617900158, 3.085414119919373, 2.3748849779030614, 3.143648999043835, 2.9807678283406034, 4.810854853289024, 3.6819123246348884, 4.924927487190877, 3.182890531880794, 3.164006406536865, 2.2403213754185884, 3.5050481645822256, 3.5930736328214508, 2.6279669458191126]",0.97,"[0.4745494696119243, 0.5210601106354689, 0.4508580596042506, 0.5316253154127668, 0.5990457349193625, 0.6620623653202937, 0.641573562681697, 0.5982384187369707, 0.86603018073254, 0.7324652844157648, 0.4786228959968398, 0.694247582211256, 0.5492305570056348, 0.6382626042361885, 0.732788694330948, 0.5803173377234585, 0.6276165545785386, 0.6184694487912844, 0.653334045584044, 0.6083830642849535, 0.6288820665791853, 0.8450395960369181, 0.7297645265218383, 0.8963748441766805, 0.46345630225937307, 0.579209069559767, 0.7834727499780122, 0.39594346269938147, 0.8084773629135487, 0.4255305790653378, 0.9085035397464388, 0.7484159859276354, 0.5941880783458681, 0.7874321014087904, 0.720704626269242, 0.7472693858072467, 0.7053434664675198, 0.866696424772971, 0.6936847656111449, 0.448941016318331, 0.8492625615929046, 0.4570253308556228, 0.6909633220623578, 0.7004968939742071, 0.4597918263297931, 0.670115369185876, 0.5395373080098663, 0.547465950224137, 0.41045986031328724, 0.4806260278843743, 0.7966436649597344, 0.6857996804165983, 0.7261487014580341, 0.8497777247822719, 0.6417868303668169, 0.7944492256261021, 0.5939572287197052, 0.40877502774338753, 0.44147151617168484, 0.6928750813694077, 0.6316837472239173, 0.6318011263761427, 0.7978084976916353, 0.7835700519867144, 0.7429854605283734, 0.6217944968955778, 0.646422590605834, 0.8697428080995829, 0.6453709916193452, 0.47428408858740273, 0.3845850791054315, 0.8206974075414595, 0.4084110790943355, 0.5922920977917902, 0.5639739689876979, 0.8690741076968049, 0.398621607482121, 0.7962844333065489, 0.7794179122752961, 0.4461787024853393, 0.8251829436590524, 0.5433038482052641, 0.6634428660306059, 0.9270740533665334, 0.9025369129185339, 0.7788899439380197, 0.771261464983678, 0.7298908759822319, 0.6115283534902777, 0.5390135847597433, 0.5272413653652079, 0.608626515466341, 0.6314259217876012, 0.7047525750155641, 0.79607743609487, 0.5030127483649799, 0.5239041281240494, 0.4496426474054799, 0.2727103147113418, 0.5802719506073788]"
1.0,0.6696,0.9997,0.3424053305831998,0.0007444753424260329,1.0,"[2.15647147811352, 2.5455947574377245, 2.745601505265663, 2.745601505265663, 2.745601505265663, 2.745601505265663, 2.745601505265663, 2.745601505265663, 2.6661092372191906, 2.762552865232969, 2.3341521565721663, 2.6015770530145073, 2.842524420087946, 2.842524420087946, 2.842524420087946, 2.842524420087946, 2.8372107724452658, 2.842524420087946, 2.842524420087946, 2.842524420087946, 2.8744622828563138, 2.4822051566239303, 2.833266851849732, 2.4690024201935383, 3.6442417875435424, 2.833266851849732, 2.8372107724452658, 2.924941678798607, 2.5377570901328124, 3.7548152982631464, 2.5685741364990147, 2.868144031738078, 3.7590987679849137, 2.842189553663193, 2.377450390180881, 3.9661284015115807, 4.143667728961315, 2.9359141230379624, 2.9359141230379624, 2.974772341755763, 2.841972319961407, 2.767972428149678, 2.791638569142304, 2.638388854339315, 2.638388854339315, 2.6476210107642117, 2.7227529717609613, 2.8817796584735635, 2.8817796584735635, 2.858730389560659, 2.716826215908121, 2.704519002081007, 2.8694141228401, 2.919172205950831, 2.84133345871526, 2.7969058214188784, 3.6314180554996973, 2.9567888275293797, 3.718831755668141, 2.9172036057055415, 2.860323312808614, 2.8377389081721542, 2.9043249133554205, 3.0689354716899704, 2.959516186482169, 2.8680034982387035, 2.949749784947775, 3.1667278585962357, 2.948768939784376, 3.1565044895602083, 3.1565044895602083, 3.1565044895602083, 3.1565044895602083, 3.707962800921236, 2.9260830405564047, 2.856969888151079, 3.2872114138877953, 3.191311098806435, 3.153233161569796, 3.2872114138877953, 3.2278166921608324, 4.244536230300442, 4.244536230300442, 4.244536230300442, 6.326917279434554, 5.677213742706195, 5.677213742706195, 5.677213742706195, 5.677213742706195, 5.677213742706195, 5.6658792161030815, 5.677213742706195, 5.677213742706195, 5.677213742706195, 5.677213742706195, 5.677213742706195, 6.558315203631273, 5.776776979956421, 5.708238392564326, 5.6249728374901835]",0.84,"[0.39603861487183056, 0.3884977017613924, 0.426227780693627, 0.426227780693627, 0.426227780693627, 0.426227780693627, 0.426227780693627, 0.426227780693627, 0.2337667594156405, 0.24580512418481915, 0.28542916047502703, 0.25725588985497005, 0.32308422297936545, 0.32308422297936545, 0.32308422297936545, 0.32308422297936545, 0.32308422297936545, 0.32308422297936545, 0.32308422297936545, 0.32308422297936545, 0.3437236009503429, 0.1837042904414632, 0.32308422297936545, 0.3087634753801518, 0.38867863136549874, 0.32308422297936545, 0.32308422297936545, 0.21940223885589402, 0.27635144405604367, 0.1860771960290235, 0.21035818788904379, 0.17770222319289383, 0.1860771960290235, 0.17770222319289383, 0.3316266673436109, 0.2818275793778318, 0.2963634734112554, 0.2453239649549833, 0.2453239649549833, 0.26100298319796006, 0.25167229312478356, 0.2378722385651993, 0.1747033191554959, 0.2288066244110733, 0.2288066244110733, 0.27329181730981994, 0.1492776152786631, 0.18485850345680938, 0.18485850345680938, 0.19538540517097136, 0.2318661224025618, 0.15869156608348367, 0.1750465373612236, 0.15747439853523346, 0.15490705631776858, 0.14038961977569558, 0.19233950596415486, 0.15623210855129072, 0.19275125066855114, 0.1364531037681804, 0.18235561820676394, 0.18235561820676394, 0.11306202491841946, 0.12067747776511623, 0.10955936056600822, 0.10658015560285637, 0.1311966636325596, 0.09351854410710543, 0.15273333219138466, 0.09351854410710543, 0.09351854410710543, 0.09351854410710543, 0.09351854410710543, 0.16221085746255876, 0.1364531037681804, 0.12303358633232332, 0.07698073452599573, 0.10067507795661952, 0.11690761029154423, 0.07698073452599573, 0.07799726323895273, 0.12115848805801714, 0.12115848805801714, 0.12115848805801714, 0.034449927881302814, 0.09240571797995022, 0.09240571797995022, 0.09240571797995022, 0.09240571797995022, 0.09240571797995022, 0.09240571797995022, 0.09240571797995022, 0.09240571797995022, 0.09240571797995022, 0.09240571797995022, 0.09240571797995022, 0.05013280980229282, 0.08926880454263846, 0.07704160266664961, 0.052775950219029366]"
1.0,0.2939,0.5581,0.5708389502704236,0.004221216860973708,0.87,"[1.9861600297291062, 1.9861600297291062, 2.1675488409179184, 2.1675488409179184, 2.1675488409179184, 2.1675488409179184, 2.212729816461369, 2.212729816461369, 2.212729816461369, 2.337519267010819, 2.47838868285813, 2.3224864068979585, 2.3224864068979585, 2.3224864068979585, 2.3224864068979585, 2.3224864068979585, 2.3224864068979585, 2.3224864068979585, 2.3224864068979585, 2.3881059495175023, 2.3881059495175023, 2.3881059495175023, 2.3881059495175023, 2.3881059495175023, 2.3881059495175023, 2.554236456137481, 3.330971958954045, 3.328877728184814, 3.1435771507574266, 3.1435771507574266, 3.1435771507574266, 3.1435771507574266, 2.7118561676560233, 2.5752433106072985, 2.5009284974155825, 3.3512241541476158, 4.104137532695586, 2.5119850751020056, 2.5119850751020056, 2.1661986033074623, 3.044630218204192, 3.044630218204192, 3.044630218204192, 3.044630218204192, 2.6606700783440527, 2.642058481986055, 2.6606700783440527, 3.286217904508166, 2.8845246237985975, 4.046751794483346, 3.2184026046998806, 2.9567542072586157, 2.7407126661828443, 2.7407126661828443, 1.6984847922016222, 1.6984847922016222, 1.6984847922016222, 1.6984847922016222, 1.6984847922016222, 1.6984847922016222, 1.6984847922016222, 1.6984847922016222, 2.907146479127803, 2.854510074821345, 2.854510074821345, 2.854510074821345, 2.854510074821345, 2.854510074821345, 2.854510074821345, 2.8807500413765315, 4.334871354437855, 2.3043414344112865, 2.9887582056909228, 2.8160674330814857, 2.131802005369984, 2.8140672654567975, 3.075934432026293, 2.1506916944043546, 2.491067878435759, 2.611947464234577, 2.611947464234577, 2.611947464234577, 3.499836333970503, 3.424836785627048, 3.166973445507617, 2.8717527776399585, 2.6229081030837467, 3.553652560042641, 2.096733754045813, 2.732537584687975, 2.732537584687975, 2.7702994908775143, 2.6171935007844844, 2.709350935383359, 3.4456123290740237, 2.915911755673516, 2.4610070890194518, 2.3693517391496215, 4.230019062914662, 3.279263419522037]",1.0,"[0.7172286191574994, 0.7172286191574994, 0.7766694033017774, 0.7766694033017774, 0.7766694033017774, 0.7766694033017774, 0.5953918277120966, 0.5953918277120966, 0.5953918277120966, 0.5679311481939856, 0.4877709030172516, 0.6530601968576397, 0.6530601968576397, 0.6530601968576397, 0.6530601968576397, 0.6530601968576397, 0.6530601968576397, 0.6530601968576397, 0.6530601968576397, 0.6530601968576397, 0.6530601968576397, 0.6530601968576397, 0.6530601968576397, 0.6530601968576397, 0.6530601968576397, 0.4883816635996507, 0.4959135745385159, 0.6408060407720166, 0.5102157860270579, 0.5102157860270579, 0.5102157860270579, 0.5102157860270579, 0.4683736517198062, 0.40802108998114117, 0.8095807286770749, 0.6892217434758439, 0.3286678604761737, 0.8733759078559077, 0.8733759078559077, 0.6590487925232149, 0.4931081565818682, 0.4931081565818682, 0.4931081565818682, 0.4931081565818682, 0.8662775697957222, 0.36346050080962167, 0.8662775697957222, 0.8691424254953819, 0.8027506476579891, 0.42807778848211386, 0.6282446142989297, 0.5088680325532098, 0.738038169828458, 0.738038169828458, 0.8404135053449486, 0.8404135053449486, 0.8404135053449486, 0.8404135053449486, 0.8404135053449486, 0.8404135053449486, 0.8404135053449486, 0.8404135053449486, 0.3400777135494891, 0.8023379405604827, 0.8023379405604827, 0.8023379405604827, 0.8023379405604827, 0.8023379405604827, 0.8023379405604827, 0.5168841336274868, 0.25885836401261786, 0.8675910537748657, 0.3683941253358422, 0.9005492122731426, 0.6512373339796521, 0.5293874787080307, 0.8184704328103938, 0.6512373339796521, 0.8366884062760032, 0.7996110355459012, 0.7996110355459012, 0.7996110355459012, 0.8053055414167493, 0.5848424023740213, 0.15368354204789864, 0.78826004786325, 0.6504947445534442, 0.698734045434578, 0.5756885798743067, 0.7533476213672419, 0.7533476213672419, 0.6325872678121107, 0.6079371300184817, 0.8318101449363188, 0.7291004759829648, 0.8521243979021191, 0.5967855091335078, 0.4724860016657275, 0.9318382912896133, 0.7647528372446273]"
1.0,0.9609,0.9982,0.8381402501792501,0.12232924727626587,0.88,"[2.3545263113329895, 2.045223483381074, 2.285644973909651, 2.1145499174953244, 2.30575579667137, 2.3081582841838575, 2.375268235816785, 2.1661594574563274, 1.9005473900227958, 2.3011182695303294, 1.968606717033495, 2.965202172805286, 1.7725230137802281, 1.8718573227847664, 2.2460340295701613, 2.4702736901282787, 2.280714249875274, 2.3996622157547254, 2.4108139852070565, 2.969691603880319, 2.304186325744608, 2.2447844290112045, 2.1156998664144577, 2.5619689929503924, 2.674379456110758, 2.5554846510246207, 2.2500530932571277, 2.354871594366452, 2.5047101087652273, 2.8035841020344776, 3.00449562577732, 3.324424748434108, 3.5496958605400764, 2.1871801942353137, 2.311119807991867, 2.3426289777931366, 2.2464638359582256, 2.1173285324612383, 2.8238619997903474, 3.113885295436498, 3.4015741983168084, 2.0338860521977757, 3.178329924214119, 2.956758899586573, 4.22478852383334, 2.3942764875085256, 2.887709851444832, 2.7020203916211223, 2.7905251013686083, 2.600887547584236, 3.0029070375548406, 3.208021792088269, 2.1829406497945563, 3.2094426144779167, 2.9791515952460657, 3.619804653676411, 2.3086288429965496, 2.7280443568486845, 3.017415787392393, 2.805945729997145, 3.987166136816339, 3.9792201568098875, 4.818909444906797, 4.082935639505845, 3.1871498272366807, 3.5447376305074547, 4.497250534729984, 3.9669841592204866, 3.4189770135668596, 3.582398423072922, 4.334870996373107, 3.6883098984173053, 2.890071761206114, 5.107533916773479, 4.343082637387633, 4.300941577991864, 5.610777574768252, 3.968214224231043, 3.894372844201781, 4.261207521295645, 4.292505420892578, 3.672395020737726, 4.0620282238558865, 3.9039320237673225, 3.477560440651132, 4.178095105746001, 4.56393184609733, 4.422395172197283, 4.4033453904949456, 4.140437578762787, 4.680058815675929, 4.773127490368602, 5.274909785047496, 4.84020750745681, 4.5456671218994975, 4.48663336723853, 6.167696081075926, 4.485711796396086, 5.638131845252262, 5.707663498171686]",0.88,"[0.7661053286603293, 0.7960646291005125, 0.5799943364727171, 0.8820874297697554, 0.7800683152594547, 0.7955388708605765, 0.752347593554727, 0.42620289318789517, 0.5805283800952648, 0.388570473655717, 0.7614366857451216, 0.6167468595131776, 0.8721501506228193, 0.8980244037612276, 0.5440968249432657, 0.7547680900575073, 0.5196598563953747, 0.5449252650699116, 0.6730794578900896, 0.8641763330434109, 0.5440334326881365, 0.526119384214265, 0.5874369632692749, 0.3917937197830995, 0.4551888860727639, 0.36457288694693046, 0.5128567612016596, 0.644094413545073, 0.45141033724643453, 0.33227534899628086, 0.6722217689617392, 0.5113372272377761, 0.6465292228234947, 0.4453227229880947, 0.7325034665553619, 0.411369027071886, 0.3892768338441555, 0.8556801979380599, 0.5357689260958406, 0.3234939896817627, 0.47941922469197024, 0.5980275640260729, 0.4814613186107829, 0.5409949698240498, 0.47601699927690355, 0.316584858204006, 0.3354044630686508, 0.2611669389303203, 0.1780925498052386, 0.4458434479108136, 0.4714339399628712, 0.6959167986493564, 0.20992420336879175, 0.24149505151256143, 0.2988126384617578, 0.24488348016408273, 0.15325943997407662, 0.18829303258628927, 0.250266860015609, 0.3031005805917719, 0.5345497895204988, 0.39803944248919815, 0.8355112535236126, 0.5037592457397616, 0.227957129529183, 0.615481952140099, 0.6011562646769156, 0.5713107678188889, 0.28808543971901823, 0.39789485904271266, 0.3363886218942791, 0.7017116254928251, 0.5675137440261411, 0.42907261492918075, 0.32899680019288485, 0.36961216936934715, 0.5523906071143098, 0.36450017835034576, 0.2256114320369716, 0.3601340353162199, 0.5101400959401913, 0.48208350828934204, 0.3628039524233671, 0.34895426060568546, 0.1430765057918952, 0.45194194820828437, 0.347709460278082, 0.2054780816175189, 0.49110362627322335, 0.24134325443024282, 0.25176802299884615, 0.3728046673342282, 0.3191154773398268, 0.3270821301698522, 0.6024091530012966, 0.27717203172477006, 0.3489564239572341, 0.27576226943227755, 0.18415016851055857, 0.08443682553212087]"
1.0,0.8869,0.9581,0.42019905074427494,0.028582373686094224,0.88,"[7.3284153846153846, 7.3284153846153846, 3.565875611257084, 4.057921765103237, 1.8041899207499021, 2.523487432677925, 1.5798041345107237, 2.4224079958667595, 1.974037715253992, 1.8363509994272018, 3.8901076618525945, 5.166784584929518, 2.701492277237211, 3.509384584929519, 3.758230738775673, 2.22385640959242, 2.319746776456327, 2.404101223590825, 2.9917001965746692, 4.4110577053638504, 2.401065877048042, 2.4402665818405556, 1.9516561499738145, 2.631815520521668, 4.646523766903748, 2.3693611524937577, 1.9056469419060242, 3.345406977683246, 4.076324240276528, 1.1384353007414472, 1.8693053511705617, 2.208796157924784, 2.0712867741482484, 4.024369740370232, 2.8044826292749825, 2.248908235816785, 1.4746619233987879, 3.5515422284422096, 2.1202411486102246, 3.9423045867476993, 2.9795637967203135, 3.1059056962151548, 2.101314480217825, 3.1236756156533128, 3.310220964303805, 3.191301288470364, 2.8557918106078795, 2.871845820056153, 2.9968509393225293, 5.5353539760564106, 1.6015638939140402, 2.386203099869375, 2.101130370290223, 2.3987620480625402, 4.024953723236287, 2.260736584032273, 2.3465338691001456, 4.759752324634888, 2.710304909824126, 4.186689387571952, 2.3712042477118125, 3.7662126439895376, 3.6230959392760482, 2.940837921990685, 2.4199824374135552, 3.4069434111763988, 2.4653648896445777, 2.644510016942581, 3.2766104664634836, 3.2865989804209494, 4.012552324634889, 4.282175714908896, 3.0611800229462993, 2.4122694734957495, 3.912309644734144, 3.4245221480802, 1.3207723903414674, 2.1770435961626724, 2.32609153972599, 3.634717990848978, 2.2459361676560246, 4.1032733289134455, 2.543269721557982, 3.022938400244989, 3.4188963473142326, 2.9501007770369228, 2.6969137971559682, 3.408119751286053, 3.0302199508787924, 3.7022039998698526, 3.699239069258759, 2.609562505465222, 4.152465877048042, 3.0621138265229977, 3.025389285408078, 3.7215536143214063, 3.4414793521333698, 3.8449023673811222, 3.700949111429913, 2.8263984889238962]",0.94,"[0.3597849378839701, 0.3597849378839701, 0.3484044488507222, 0.37235302493953726, 0.44181795782751687, 0.5163288713332986, 0.5030676848790228, 0.5403525468281025, 0.7062048549485725, 0.6205760233110343, 0.38332836122338365, 0.33658744866748785, 0.4038142196355223, 0.33852456354624616, 0.3133486032604303, 0.5795011204237961, 0.5735077423137149, 0.6712042335088635, 0.6035897118416429, 0.4057077843991203, 0.5553728500871868, 0.789373695803819, 0.9058220265843155, 0.5116654102788054, 0.3036508316709298, 0.7007567604284776, 0.7715055986523045, 0.4451940077266241, 0.3391518104041194, 0.6055803781835287, 0.797529734003619, 0.7480697971358625, 0.8047666968618541, 0.2945072777835429, 0.49427596007592556, 0.758459282077019, 0.7115806975084263, 0.4196081881954132, 0.6701865554279991, 0.35862910568123796, 0.452979146345186, 0.2533813105903318, 0.49199386049508426, 0.3137113669173184, 0.6170481371500532, 0.29966524340527784, 0.933083236500164, 0.8409053112729035, 0.7383129294970853, 0.4071863991286416, 0.6153680407967566, 0.3178562355593608, 0.5045502036416295, 0.5254401429718298, 0.5996841077101901, 0.670642453646243, 0.42153188193802826, 0.5290512212718192, 0.5513073937993737, 0.5983679359189634, 0.7532185044203852, 0.4176140142620456, 0.8005320802570993, 0.6818883367924062, 0.6514525035150771, 0.4320734914377571, 0.8828881783674314, 0.6643753236614053, 0.8107777332120064, 0.8001764896423359, 0.6901509058129179, 0.6620402409716913, 0.5877533064580177, 0.6361367787571857, 0.6277284303083563, 0.8626432536661046, 0.7493766807179144, 0.6484910223644529, 0.6067980621302085, 0.33751717544217863, 0.6077917108017098, 0.49916996262199753, 0.7503401330893987, 0.4742434086710623, 0.839375843570324, 0.8243988602052654, 0.5891615227667648, 0.7465215989891135, 0.8866955010814894, 0.7896447899573681, 0.38962197036942103, 0.4718775834693149, 0.5250305212496976, 0.7505201859757099, 0.49452666906224696, 0.8106280332005212, 0.6610372097948488, 0.4562907825312901, 0.7636035733018937, 0.5193727477131617]"
1.0,0.8708,0.9668,0.4748429143109509,0.03173660245738437,0.97,"[5.868476923076923, 3.8227217651032372, 3.8227217651032372, 3.8227217651032372, 3.0167070188743965, 3.056957038634983, 3.056957038634983, 3.0318955001734453, 3.367341654019599, 3.5488878078657518, 5.917849346327291, 1.3025852533918432, 1.8084469709126125, 2.766494539683377, 2.8159672772372115, 2.082657661852597, 2.599417579507385, 1.398833545687097, 3.4767895396833772, 1.9278435049174814, 1.7062285989415322, 2.5316059891777964, 1.4446511299106355, 2.321286272946299, 2.432810732771955, 3.888887655848877, 2.613830738775672, 2.7342153541602876, 2.7079729169713715, 3.2298293553056237, 2.520687553885997, 2.018664238470386, 1.4231962897524362, 1.8262936987692715, 2.287974817650392, 3.6366116270182163, 2.0337256085281545, 5.623683766903747, 5.1535130820016395, 3.5098189651357448, 2.180484431845983, 5.1899520867477, 4.705364394440006, 4.882729003820904, 4.540161317516931, 3.5793490098246235, 3.6677705482861613, 1.5404291204163378, 1.8491892786049213, 2.3243134876619944, 2.9438394434217106, 2.3620551346242102, 2.1939387763516773, 2.19271574713383, 3.500682718431224, 3.5017858660566636, 2.314482354235402, 4.936984394440007, 3.8889931856487987, 1.6207787978356922, 2.286743442834995, 3.232631416665857, 2.625250652316929, 1.8504983126097887, 1.7307717623743102, 2.3999270365141143, 3.3905023215021783, 4.218797259374153, 3.103822292098, 2.2269093176586434, 3.5726169874625224, 1.8897900796791571, 3.339326641707654, 3.8315793636056394, 2.82216317635476, 3.130297753230873, 3.925910070308925, 2.7118393342084115, 2.4952709643038045, 2.248253534701549, 3.504755254244632, 3.057622124153677, 2.438939497512024, 4.3801814900470015, 4.40418891521065, 3.0764699820601287, 4.495833880029193, 4.334824071157124, 3.2776172747988603, 4.0027831560377605, 4.451731411953847, 3.101992443598591, 3.4484819786451597, 3.137509419688035, 3.131483880549993, 4.122688668187222, 4.644910370481636, 2.8966600373753, 3.7716230094499092, 4.220734433756293]",0.9,"[0.3277476769246249, 0.38343329571732737, 0.38343329571732737, 0.38343329571732737, 0.47943025980521636, 0.3801607209681124, 0.3801607209681124, 0.3118969056684334, 0.4019819945052081, 0.35232551302052717, 0.42277645916044865, 0.5671077548351335, 0.6566053031450583, 0.5570724828620179, 0.39238903839380723, 0.40079285354578315, 0.7645626525124407, 0.6343479541352415, 0.5339211359614414, 0.6853260814525074, 0.5896626698853737, 0.6075523119323402, 0.6040785661641344, 0.6033884442742853, 0.36728744088172044, 0.34145401047305723, 0.38679011349730746, 0.381398496041273, 0.5989906001227595, 0.4048148044160777, 0.4616792975641894, 0.6408389716265135, 0.44409634457370617, 0.6677180689971504, 0.7044249885833844, 0.2562174970339304, 0.7976058130409207, 0.4062811490273417, 0.4436657935919311, 0.46642310968664624, 0.632176966025648, 0.20490354442472875, 0.29743860968433633, 0.3063895014472446, 0.33490445985217315, 0.37920694919820674, 0.505388612942917, 0.7332596928714524, 0.49839668618629557, 0.6555949129799689, 0.7807771271429677, 0.5144275286765617, 0.3476639320567657, 0.5552032624644176, 0.6540934942312825, 0.5704605792108217, 0.7825613296182555, 0.338637652898301, 0.41269868779367186, 0.6077721383037449, 0.5612771607295867, 0.7665592627001296, 0.8383789452304582, 0.8489672004518563, 0.8430027995986231, 0.5693561984034959, 0.5791036216978991, 0.28004761396301225, 0.8481639164163618, 0.7851099302131735, 0.8145721542677298, 0.6836634758656767, 0.8781614363686356, 0.41681601693066406, 0.6186208356002677, 0.8073205050167643, 0.5495991534733777, 0.5495577969177335, 0.559349316430653, 0.4274670178168153, 0.7627625456381129, 0.7664563028287756, 0.8430109950784134, 0.6210024907120454, 0.7842392419882107, 0.6025396608019342, 0.6235560395732822, 0.8055343289779544, 0.4014332834791875, 0.772711984238146, 0.5196957662154783, 0.5769650647036392, 0.509646523726438, 0.40740097542093606, 0.8027437472695987, 0.7515545979578542, 0.37976311581247807, 0.8765314399339491, 0.8136013002034967, 0.885931084555621]"
1.0,0.9914,0.9972,0.8514208586705585,0.13991444787584573,0.99,"[1.808939272650072, 2.1858614187336123, 1.6834895354444868, 2.001448656761145, 1.9395896102884933, 2.6649110975713715, 1.9185960146923584, 1.803435430064944, 3.410491698613172, 1.8425916207920263, 2.391430775148523, 2.243112552991972, 2.2065523894448216, 2.0021926082864194, 2.4108699799490907, 2.6083746978615228, 2.742010131271824, 2.1819072666091994, 3.3290089658992823, 2.2777713022132247, 2.6323638657326835, 2.3395403071332197, 2.818107059918219, 2.1229774061099285, 2.296503553961479, 2.294408511264816, 2.912204422421567, 2.473739538315394, 3.085715077349205, 3.6706010805746088, 3.209600334039048, 2.1198851746857823, 3.0559482399237368, 2.76902369759868, 2.999615874488372, 2.9184000059489925, 2.911728207391615, 2.7056288162329487, 2.934967029574434, 2.5381663404304984, 2.5104826764820753, 2.6514271270113223, 2.4609302969183364, 2.4395031730984194, 2.8740771676027723, 2.4415254547705185, 2.4479371304614794, 4.1292860438236225, 2.7418413704601807, 3.137226997612041, 3.1928905830934635, 3.3529144699533493, 2.7988772687288552, 3.207387967954859, 2.007277378842069, 3.79767805078189, 2.6576734812562357, 3.7352602805265267, 3.4033288732312386, 3.4066779006637358, 3.25729308667919, 3.063758274668734, 3.2956241390407435, 3.310307707846748, 3.498444662704923, 3.4435360205327896, 3.3278215481019933, 3.570912715030966, 3.389743525512057, 3.6591854811183273, 3.7487362727232734, 3.3845600125947524, 3.914003858037125, 3.781667884234654, 3.668154681212358, 3.457658618877118, 3.852336518411077, 3.959420489693711, 3.27502369159496, 3.886141613702745, 3.811087124276332, 4.041173606442511, 3.9523270509554553, 3.6691735514018387, 4.284294294829595, 4.227907340766958, 2.368184293929321, 5.870678772623992, 4.561485894642805, 4.45867040618561, 3.1107697799133938, 6.088693799372839, 4.493470319115839, 5.803730072111128, 4.912859592404819, 3.453251512922643, 4.987488668843757, 6.25625745049725, 6.774125053491858, 5.6155524576196445]",0.91,"[0.706588715468837, 0.7904986632988078, 0.6558220261014652, 0.9270216651726235, 0.7641261186755537, 0.8489605414029832, 0.7634528378789415, 0.6224664873756184, 0.6067024359363337, 0.6470075655207889, 0.5230034450221848, 0.8487670052338098, 0.7637544559164808, 0.9048977529719715, 0.30202711403654614, 0.4080596829682693, 0.707320149583559, 0.6370657528764587, 0.6417868856151783, 0.327755682004334, 0.7374243408793172, 0.2540686962316325, 0.2938448532417047, 0.6904036426046845, 0.2960595356106607, 0.5117516681501751, 0.23746006998818392, 0.25766591381785586, 0.32352495126375913, 0.5005537958033833, 0.7592091133607642, 0.42399262299036233, 0.5893559077193264, 0.5732074813488591, 0.32107400143292575, 0.47086282705078697, 0.5660422002883182, 0.5688319786530289, 0.3944984754305085, 0.3856462023189945, 0.5603075066104456, 0.362668841080584, 0.3741710627932281, 0.3695728283297902, 0.8083730155870715, 0.2582391933577191, 0.3823410774595286, 0.49623350774215336, 0.4914921143232531, 0.18643682345856222, 0.7195318208320186, 0.6297031148943446, 0.19791694052559367, 0.282968570374587, 0.5832014390977176, 0.4396418029623675, 0.3789827843066655, 0.5055949787323356, 0.5354138067574572, 0.6959264470141826, 0.5529491594888559, 0.6622961126731639, 0.41078617707836446, 0.35342041312968986, 0.7776362201852547, 0.292762675469024, 0.48594757559891383, 0.5332956886319487, 0.18415605098800114, 0.5273241770061563, 0.5427850053720414, 0.313837000166199, 0.34106199274940036, 0.6005093149221693, 0.5143359165439857, 0.5502876938144821, 0.3839862881452459, 0.36637629093556834, 0.716167619822567, 0.4155802926313433, 0.4704919753334223, 0.2887846907270678, 0.2784539882631013, 0.7069789881574167, 0.3760049696087385, 0.2861045069064378, 0.09111670713327072, 0.18811997865935218, 0.24519755204632232, 0.2824634333935712, 0.06003096554989067, 0.16399591447627307, 0.18153247891007196, 0.2190765948047059, 0.17653428206088467, 0.07914942320327098, 0.08339927905566037, 0.3251184925752812, 0.04348809752310681, 0.10055793211076591]"
1.0,0.7535,0.9115,0.18873231595072695,0.013060535408640682,0.97,"[3.1954437669037477, 2.6475848469286944, 2.288423804545335, 1.7549570386349824, 1.0, 3.056957038634983, 3.056957038634983, 3.0318955001734453, 1.9802570386349831, 1.0501132254198158, 1.3866539820601282, 3.039623586524079, 1.254268622610173, 3.9759807387756734, 2.3666489896555785, 2.330815354160288, 1.7340232921770689, 1.9629775657999993, 3.218714772820907, 2.2051726633788107, 2.656708102568084, 3.6635127259193148, 1.44141079217707, 1.4383627732689206, 1.03156277326892, 2.057338535433926, 2.2807781610717104, 1.2427972593741536, 1.6892350757513235, 2.3658259329015454, 1.2047179541632342, 2.259939779055392, 1.8325511055279993, 2.069098797835691, 3.06270934258014, 1.6831464901433826, 1.9621651005652208, 1.844700584436188, 1.697157849556337, 2.079541407237997, 2.066158791831974, 1.8451654966249276, 3.3208072004298623, 2.1053828625421787, 1.682805897072173, 2.2726482019086944, 2.1958722678349147, 2.4477044573354387, 2.3128100928763686, 2.239450652316929, 2.104224078890354, 1.6916086942749704, 2.1480324704987463, 1.6618226802889566, 2.1574201732129215, 2.1282534495197254, 1.4746619233987879, 2.1749705064873375, 3.326701306002345, 2.467455492860635, 2.4251149879812637, 1.5931625404288159, 2.6597102431869253, 2.6595596922304896, 2.304446667082031, 1.551839750008826, 3.0197783243112015, 1.440943596162672, 1.5165359038549813, 2.070356492090273, 2.2310994592481546, 2.363888974774339, 1.6950039911730688, 1.5779935961626723, 1.9763966670820299, 1.6098010686901443, 2.424611709580958, 1.9222941590235898, 2.4907877273730907, 1.7945325857552294, 1.7010177928558203, 3.7073286100351996, 3.211045939431303, 3.797421318262347, 2.2610262601617936, 1.5449903022913283, 1.7774453630200746, 2.4712689432804957, 2.7212631122958886, 2.9040901569225728, 1.922958220636545, 2.224814437485236, 1.6571586347513847, 1.679463888034686, 3.2995421955885105, 2.196639918942374, 2.3823345161781706, 3.2571907216661717, 2.57662538722494, 1.867763306682651]",1.0,"[0.47496835787356906, 0.4656159934955298, 0.5100738465882334, 0.3854706587740357, 0.5147578217927745, 0.3801607209681124, 0.3801607209681124, 0.3118969056684334, 0.40680796565539457, 0.47960175362316443, 0.6150947811524279, 0.5543152632414271, 0.5574315586180905, 0.281879267989142, 0.5314039371398924, 0.3733360674146106, 0.5046612747338851, 0.6622270503816943, 0.39330603788649743, 0.66090754764942, 0.4184944170795469, 0.41628664521423037, 0.7691043232690695, 0.5820968638734555, 0.6189113153967104, 0.6644672219733978, 0.6227371126122783, 0.6869443648513706, 0.710520528669149, 0.4132723717850116, 0.6845093070948893, 0.4523374247932051, 0.5635953824795744, 0.6257010039064874, 0.7755708535394883, 0.6424151112515818, 0.5343144988447671, 0.6809374681119945, 0.7577758055746499, 0.4420069104418349, 0.6858628566870001, 0.7882983765266385, 0.49335475478684615, 0.5082590887657491, 0.5095236141247356, 0.47290089285349846, 0.5819330397483435, 0.5787365415352326, 0.6797763977896646, 0.7226830770416612, 0.7077503692030681, 0.7228072445759439, 0.7067902186938816, 0.7157008564080574, 0.7146527375949917, 0.7025773088310735, 0.7115806975084263, 0.8001264344060514, 0.7222861593393488, 0.5823637886897051, 0.6167348857703383, 0.774273020353273, 0.47662660683152364, 0.7231004707378875, 0.6977212438809961, 0.718444693690046, 0.5880748811426967, 0.7232240148053796, 0.7153743939994748, 0.7344010967830472, 0.8574504961557312, 0.7464356036363975, 0.7354731727465906, 0.7624549764299354, 0.730919961863612, 0.5135827437541569, 0.8024295452921529, 0.8213326151351451, 0.6672334531956097, 0.8547243371739662, 0.8791113714737517, 0.5765334314612497, 0.6951076066265045, 0.5526906143586798, 0.7494021711298896, 0.7320296138599681, 0.8043814942547299, 0.583512067730818, 0.8230016425452945, 0.7529504170424574, 0.7726415269972796, 0.8330638190197227, 0.7344772273511248, 0.8303282146044195, 0.5168534405366401, 0.8862415089021443, 0.8204820229134456, 0.7738741392310677, 0.7370707491035186, 0.7891911201395863]"
1.0,0.7613,0.9454,0.23820897731169355,0.021008902169172228,1.0,"[1.8347076618525975, 1.3717690098246216, 1.0, 1.1740929456995346, 1.4809866519932413, 1.9068968392029877, 1.9098318533794032, 1.9569055456870945, 1.465660622610173, 1.998058876827951, 1.859197571803719, 3.3797542564142375, 1.9171825534887006, 1.4727206487267956, 1.4727206487267956, 2.8903652473881234, 2.277249431845984, 1.7863899437252186, 1.9820133885228461, 2.115399779055391, 2.2324899668339366, 1.2547141824510746, 1.2427972593741536, 1.2427972593741536, 3.220738597444745, 2.071311127517717, 2.2611844924670574, 2.835595231305824, 2.4284641575616828, 1.5235961068623851, 1.750410792349884, 1.4456122344847593, 1.7407828229459277, 1.899721476380396, 2.3494748255938305, 1.81142927265007, 2.8699888183571716, 1.784116673085748, 1.3834359038549806, 1.4705918379209137, 1.6286001895692657, 1.7234661236352, 1.9957574215264984, 2.3437397544512297, 1.6537897500088263, 3.288173497415583, 2.1377900358771207, 1.8688263934575104, 1.7470163135658794, 2.519267811449046, 2.6212312824666455, 1.669356195726996, 1.429778211547287, 1.6801215522714088, 1.607548878653823, 2.700156167656024, 2.413604997087461, 2.2672021330996834, 1.7985534601860653, 1.8428521833252738, 2.020118108180519, 2.0328340269876843, 1.7604765371091418, 2.2248944503036103, 2.952969343088588, 1.8454139784895531, 1.7030282092577629, 2.558520701710963, 1.772506966455941, 3.0708912779763633, 1.6274425719494054, 2.8271634666305214, 3.0938696306885936, 2.617082086908983, 2.6321375263522686, 3.1682399115978956, 1.5464682836390828, 3.139803985781236, 2.85648916275996, 2.1155033948474387, 2.6494064413725855, 2.647840845557539, 2.9348820287555313, 2.478618496911274, 2.174457733684223, 2.196042107191312, 3.3706399115978947, 3.895653885578527, 2.6100397096953802, 2.5955802942151394, 2.174526051801694, 2.9068117723386635, 2.7340343366125417, 2.3705627356867094, 1.7790867741482508, 3.0673322756920625, 2.94326211739933, 3.2474751688108032, 1.9526224365788867, 2.503088812590507]",1.0,"[0.40103092275538377, 0.4531479654842905, 0.46184033029146143, 0.5015016660067645, 0.5671077548351335, 0.6498862419597599, 0.6608123252102954, 0.6033941417872567, 0.6345311514904848, 0.6689516284911258, 0.6330155129114593, 0.4656301141443125, 0.6409500486566128, 0.617349147480984, 0.617349147480984, 0.5606812876843986, 0.7694564128184597, 0.8591631007794124, 0.40990688283686294, 0.4605282559594687, 0.8389907276949448, 0.6542396201198042, 0.6869443648513706, 0.6869443648513706, 0.6261771792188964, 0.48081771997187406, 0.7446698407200799, 0.5232347861173078, 0.590389223025062, 0.7054551822840566, 0.7393074253687358, 0.6872260841888083, 0.706920755755181, 0.8060799125535045, 0.7870505779238397, 0.7938203908931744, 0.6419246777643517, 0.7034123696222642, 0.7927850804237718, 0.7420448624665166, 0.6544264306104652, 0.7092260320011613, 0.7583815916340801, 0.7812034138507968, 0.7018627476451476, 0.5149537972234391, 0.7756666409391934, 0.8798103624458201, 0.8504508552486181, 0.8362153376821643, 0.747376316813542, 0.7624003258240211, 0.7535926733377647, 0.8035629655505632, 0.8074890848096518, 0.7643253124809933, 0.8409508572914944, 0.5628967358092372, 0.7904841487253634, 0.7753197106206583, 0.595956057518774, 0.7764441062672637, 0.8307562768208807, 0.7826500807354732, 0.7727300406416084, 0.835243152960768, 0.7790952521623381, 0.8118771836634541, 0.6800172989939013, 0.8356207925067456, 0.8213528151153598, 0.8193216851926072, 0.748602912401479, 0.7032549178683659, 0.46765196721556324, 0.7628646170769706, 0.7480592251710202, 0.865202414805304, 0.5803136290939414, 0.8646035729962236, 0.8149071960066843, 0.697463494614576, 0.7818570827910639, 0.8097860029221592, 0.8772360789452387, 0.9331109982115898, 0.6514631174263772, 0.6109143846291958, 0.6104294075430716, 0.782215759851985, 0.5985242809696132, 0.8449793741273155, 0.876414561700005, 0.7966119203320278, 0.8300494529559064, 0.8487849427933722, 0.8097980050206639, 0.5876120298903662, 0.6905091559662284, 0.7262019781081793]"
1.0,0.897,0.9911,0.6420679477847707,0.05088422526441921,0.96,"[2.0164935426441843, 2.036201442724355, 1.656858071202258, 2.074544336207735, 2.2009290050475556, 1.7545158288688931, 1.6939980824614818, 1.596631180006824, 1.7154574399537719, 1.8269693424515552, 2.0263585220219227, 2.1839546342137144, 2.032257294628092, 2.0396555831898446, 2.36744383936564, 1.848248312609785, 2.0066389554036803, 1.6383810494944484, 1.5642702009858436, 2.5303824683159704, 2.2414197742783237, 1.8033731168021436, 2.6986140917749886, 1.7838794011428014, 1.9499656094198823, 2.3744419154991636, 2.0279211985088157, 2.7234396808771493, 1.880814764174925, 1.81567431309972, 2.7299155294353064, 3.1760196833549053, 2.4758883354881913, 2.5707794867910394, 2.5106476186591706, 1.5919320413765305, 1.8491320806661395, 2.150722135021029, 2.1684690050475535, 1.7098152803511972, 1.6010069058409648, 1.99705348946366, 1.5058691436032028, 1.7322561191276815, 2.594034096664542, 2.1275550983614835, 1.8400475098723703, 1.698179542150699, 1.9392941891475388, 2.011125180685177, 1.6977451902012781, 2.177356635832208, 1.9306570054074115, 2.1549036545529, 2.982655391449862, 2.8515540571001257, 3.031595948633477, 2.240724152290456, 2.3238023658097564, 2.150462723719027, 2.5869755919999413, 3.171991526010509, 2.829885723116025, 3.0700988522777823, 2.437240491357853, 1.9542843877004277, 1.634658143356532, 2.0125401476522065, 2.4402066797629836, 2.314537181771353, 3.241154367981915, 2.2846999251381934, 2.362962969336662, 2.5697381496502096, 3.4308093372811443, 2.052222892106201, 3.031369191371672, 2.4817934492442735, 2.5935855118301667, 2.250459327844828, 2.522545736997472, 1.8267979618380217, 2.2601219087495483, 3.684951278328148, 3.058584186331932, 2.1779562303424225, 3.377735347604787, 2.9021630590704532, 3.3170572180912163, 2.6008207609330594, 2.1733994119636737, 2.411224251875865, 2.9753090447269184, 2.547763043727201, 2.293246505913096, 2.0213000229249296, 2.7986275211102836, 3.05586215913714, 3.6250352435052733, 3.6300606056500673]",1.0,"[0.5943628857602179, 0.7028256536695843, 0.6578054253758686, 0.7789532215138342, 0.7848785680273183, 0.9120087891753959, 0.8262540921099719, 0.869422526226005, 0.7663509153336602, 0.8006608011475134, 0.6077653281763218, 0.4752527450303968, 0.6751785643854704, 0.592066446052309, 0.7460611971180713, 0.8975709426306635, 0.5842922951539445, 0.8840708285557775, 0.8260345396321599, 0.9039019757971586, 0.5105086174061747, 0.9128998520815502, 0.928392629304623, 0.9334796570621474, 0.5785339486415765, 0.6369366145794406, 0.4922320097397632, 0.7691668492908122, 0.5493864705999966, 0.7125523968432134, 0.6217185454489218, 0.8589010629545213, 0.4462299222007005, 0.44650381293051916, 0.425749871157395, 0.8395010159426676, 0.6551915267194443, 0.7111920740863207, 0.9422707393412673, 0.7969485746601018, 0.629524112985169, 0.6573034039704493, 0.629524112985169, 0.9096853093818484, 0.5732247124836112, 0.3548462561518114, 0.8969976046941506, 0.5732649394733104, 0.6558380685793906, 0.5539017307075192, 0.591673967740085, 0.6330799610305118, 0.8643960558422942, 0.29851981648278314, 0.6648036772171515, 0.5166546441884817, 0.6135898525104303, 0.6585227255305038, 0.4497942145701718, 0.2040148881117294, 0.7594006202161385, 0.676171002483811, 0.587855048513106, 0.5739743018539533, 0.4648852692862129, 0.5720352248398091, 0.5502973940145044, 0.35161151191122625, 0.4463572062671178, 0.4805444498827324, 0.7876069816130145, 0.4488916607126767, 0.4000191785951202, 0.6149043690919657, 0.6346096080809577, 0.5505904129010001, 0.4153205473429235, 0.5754653625899978, 0.37191773284658186, 0.2629996037144155, 0.49491341618491785, 0.39623084187375707, 0.3183292618597525, 0.394847958575296, 0.6268309807795859, 0.24029888108635547, 0.48025507672178214, 0.25194357351143026, 0.4805804951590344, 0.2413852530648702, 0.2723979752844661, 0.3397360631509804, 0.24792236796719885, 0.2260296631489162, 0.5354036432243664, 0.6328741606583599, 0.7221426118528627, 0.6844521561795249, 0.6614723887957751, 0.3605577977304174]"
1.0,0.9145,0.9576,0.4266913104949547,0.049629455261757105,0.95,"[2.3143692003141343, 7.3284153846153846, 1.9522712788317698, 3.5616834894626317, 5.055098046467981, 3.2114915470981362, 2.219031278831771, 2.0347362866825645, 3.1942615080064414, 1.398833545687097, 1.752454303023379, 1.9417966226101733, 2.205558184740349, 1.0633467764563278, 1.641711502550331, 1.723221874758769, 1.9401080286049215, 3.4803722820536436, 1.758576568993817, 4.933284003590138, 3.7106579680871787, 3.0551850749575094, 1.4814094765656236, 2.42499827799983, 3.94528310293925, 1.8365039820601297, 2.328808927115073, 2.312702379347604, 3.410052699223497, 2.491805673933948, 1.2861181730415616, 2.9976101610717105, 1.4231962897524362, 3.1352781578843043, 2.0003707025532425, 2.302855889335863, 4.00446385987043, 2.9271032226903078, 1.852475720912615, 2.245004951681846, 2.386748028604922, 2.2476967231278397, 4.204919099545688, 3.571638891087556, 3.0933127772887303, 2.7693756439244375, 2.7700831142983766, 2.8835402422216276, 2.8072763691621034, 3.231893822861318, 4.673706747941175, 2.7990249326876278, 2.2289110208556284, 2.5881691567562406, 2.221740162806439, 2.5379607162432816, 1.3383135893798652, 1.3274800229463004, 1.7906296732959497, 2.4288640176448, 1.4531720836678446, 2.5610559194237794, 2.5382678300937567, 2.129184103696163, 2.5515605913313895, 2.2205179664559402, 2.2989041137747197, 2.9306691757676333, 4.621207474536161, 3.4917334937596802, 2.4153874511940394, 1.955033473329193, 1.8738589807780563, 3.617546801533469, 2.3556195728951455, 3.8850937780689865, 2.312830944765116, 2.97566739905926, 2.5392199107465085, 2.906572527264389, 3.3044417503092607, 3.6795048164613684, 2.832694816461368, 3.1728683403246443, 3.414878608855095, 2.9193217108258747, 2.2758965969941283, 3.3327299983536687, 3.3799505906284413, 3.1337676726768446, 3.468733881526658, 3.0066389268206963, 2.8358933051736575, 2.2625404485924783, 3.259512235011062, 3.634220600802829, 3.197829489463661, 3.5835734989137613, 2.9281293993411044, 3.522807418788303]",0.95,"[0.45552455362260735, 0.3597849378839701, 0.5126510027980979, 0.4465187667763586, 0.38749774605055964, 0.5477296822062151, 0.5820426900637308, 0.6345738486332639, 0.3999167569393753, 0.6343479541352415, 0.6667535345880498, 0.5976640305892194, 0.5828750328843114, 0.5574315586180905, 0.6077387356803872, 0.5104912225456048, 0.6573728157754627, 0.8347339214360151, 0.7960926212721102, 0.25375829662296057, 0.31577969931268973, 0.5287967230674694, 0.6699356418264755, 0.7538049769544615, 0.42152229710946054, 0.6083224436296927, 0.5894763625910714, 0.8119445181837283, 0.6131769782486357, 0.8098133448782447, 0.6187343699407113, 0.5849653739449148, 0.44409634457370617, 0.5203889588103426, 0.7997742654807742, 0.7505148739442541, 0.5414064787542087, 0.8054697601319027, 0.30927200262427595, 0.6604328416685112, 0.6918007780429244, 0.8570939399789822, 0.19265842987847356, 0.6337525343524205, 0.512308072581274, 0.8150452121137522, 0.8460040137282799, 0.7696855485626956, 0.42706265686896666, 0.907816731077777, 0.2515680735725172, 0.6750191235723966, 0.6889762880701091, 0.8701086054276203, 0.523598924565614, 0.7013256248665872, 0.7113647830103595, 0.7476901670554312, 0.6763363921302618, 0.32848186061568496, 0.7467629261800042, 0.4067479245558056, 0.5479689723283432, 0.8088004906014185, 0.705124449311957, 0.48229078009177484, 0.92401095291124, 0.7180319128087318, 0.663364926083171, 0.6991958742923741, 0.4178879794526167, 0.8738682169010981, 0.6787604538223552, 0.4339166799974201, 0.5856103696898317, 0.6231279178370869, 0.4351150186353876, 0.8819607081414566, 0.8133881682680856, 0.830904581151771, 0.8475890476288372, 0.44808152253450456, 0.6388860434607212, 0.6605564533578476, 0.7731915875400204, 0.2245859099654425, 0.8001386395640728, 0.7650166739470327, 0.6589654521980903, 0.8530711745765098, 0.5034872691938854, 0.8678555719781876, 0.6122871673190887, 0.6649257188802015, 0.7928904249997624, 0.6571487538014221, 0.4911713986724858, 0.8394222801385925, 0.7472779939071474, 0.833958691635783]"
1.0,0.8241,0.9545,0.4235112903816097,0.037184013867368186,0.95,"[3.565875611257084, 2.701044842026315, 1.1125776084337549, 2.743033715706975, 3.52536204806254, 4.297064730942675, 2.2160570386349825, 2.959879567773113, 2.068265520950371, 2.3617738821543846, 2.4528505723968497, 1.3928950077011528, 2.8487103678506767, 1.9644153541602876, 3.659661508006442, 3.4439076618525952, 1.932536314917865, 1.950655817876445, 1.7336461233910576, 3.6573715775546356, 3.673518323116766, 1.8228532779998297, 3.5332152552696776, 1.8765683845717973, 3.535074536134516, 1.8043664260419998, 3.368641125209237, 3.2915613175169307, 3.320638240593853, 4.258438240593852, 3.4499912179278986, 4.2138167021323145, 2.1207838027240307, 3.119946894440007, 1.7846682836390801, 1.7490593933691887, 1.5362038102426396, 1.7975913446974925, 2.4233711055279983, 1.474139750008824, 1.9877136530447466, 3.0451283066060695, 3.1459201775091774, 2.7412569119796117, 3.035212498125679, 2.3931389711394626, 2.655303099869375, 1.9382963125390589, 1.39551918378546, 2.111454683579785, 2.7793330907329477, 2.6724096921144547, 2.4096898974330294, 1.896037514408313, 1.6909469912720905, 1.3210021948919994, 2.25556467970077, 1.6230854201451095, 2.3951484279944033, 2.419057558370188, 2.8644005096010012, 3.48677984669044, 2.9824111243318203, 2.5788646383309146, 2.706276720239286, 3.5689029456995343, 2.5708666571665137, 1.343512826931903, 2.2134189599880365, 2.3391392225713723, 2.2233661057514684, 2.0835489435245176, 2.102586949237592, 2.4716455405581996, 2.5650177928558193, 2.507928035309721, 2.8043759703075235, 1.9430685904250407, 3.224871733814494, 3.544774657141092, 2.3241896587636326, 1.7836348106072997, 1.716001250672047, 2.996425784277978, 2.553539643309815, 2.5131114404822377, 2.8633227896783637, 1.97565545254432, 3.0175473072269945, 3.0386234989137613, 4.334096106233925, 1.8049440920947344, 3.952672004925022, 2.085200633092507, 3.760470411853971, 3.4151523450676073, 2.962322075966913, 3.689513972485834, 2.188271607293359, 3.0567298514448336]",1.0,"[0.3484044488507222, 0.38528440447384316, 0.6227994751052723, 0.4628605847396023, 0.502094782751996, 0.2233063354006197, 0.39867093981547685, 0.5423578894339707, 0.5271940515548245, 0.5517572137810068, 0.6289319388392683, 0.4379118656914492, 0.4793515404847092, 0.46378398302396845, 0.4347671695180762, 0.3739420122628687, 0.29288397037173347, 0.5733561340307705, 0.4117456116182956, 0.25318450610343307, 0.27844120176527043, 0.7801136894130215, 0.29643387247239317, 0.7510188056957584, 0.4150338295850772, 0.8503175672637108, 0.36383825029064243, 0.30641788277236415, 0.2803581333382528, 0.28881664867645646, 0.5016724327261379, 0.42537955925510446, 0.47537999679015874, 0.29806759045633485, 0.571479064346747, 0.6804528941086762, 0.6776597116612878, 0.6885710132793994, 0.6006545472168255, 0.7417511170709254, 0.9213603931245624, 0.8975943176011403, 0.5461962596954879, 0.5932996097932748, 0.6053561066877226, 0.5578409852492086, 0.7005686388447112, 0.4220436351768372, 0.7466161672726133, 0.6167399475188873, 0.7072026223529521, 0.7256027861064166, 0.8666545273507195, 0.7372592078858449, 0.6867369472750773, 0.7294504312584497, 0.6076676321315019, 0.8290671739166905, 0.45447596395242273, 0.8774732433213854, 0.48454658204851075, 0.5178834970436617, 0.6272463313640582, 0.6149795685344034, 0.7069224878761246, 0.5725207393885599, 0.7079945142361138, 0.7668173670595781, 0.397190575374481, 0.7056843026708447, 0.5655365691428283, 0.7004474196313683, 0.8960012956616723, 0.6570400088079759, 0.8087984987675608, 0.5641024057758867, 0.6117381259642998, 0.8531056557831694, 0.3887296812330666, 0.40547604184480895, 0.5503676051744878, 0.6743251176353149, 0.7763426836361967, 0.46299128932747147, 0.8602411484654321, 0.5847364001904428, 0.48554087626820847, 0.6427058807452987, 0.6400987609855633, 0.6988237216657213, 0.4337818923556041, 0.8513375325104914, 0.5323401569555618, 0.8940035610815708, 0.9289567419841297, 0.5873173285238914, 0.7778344221180264, 0.4579946973695758, 0.7733919163799298, 0.35220684133258534]"
1.0,0.9977,0.9935,0.8202133294388627,0.30569536808833125,0.95,"[1.4770717944833471, 2.0246534894636614, 3.341052345067607, 2.0296998533585597, 3.3396504593260383, 2.4122441339688088, 3.614097134931132, 3.140566896010455, 2.8409619448261036, 3.3036492770902415, 3.085708609216179, 3.355609038953009, 3.8459289587772885, 2.5841597280717874, 4.260842705683491, 2.740920851327296, 3.6246903415824168, 1.9313714484025652, 4.211713911845363, 3.2457511096846883, 3.046459042321044, 2.934300591334763, 3.5845483587388145, 1.864976842077592, 3.215765306347503, 3.262924902944894, 3.911148033118028, 2.735680783040639, 3.508331522473136, 3.5192222578826726, 3.4496363105213836, 3.314998887849236, 2.4277317871659587, 3.4560719060884875, 3.022995304946729, 3.1209083281146324, 3.5618356708827825, 3.335482836589785, 2.083733978489553, 4.631323860455401, 3.7314925057530957, 3.631736981257202, 4.472270194240856, 3.1878341766528067, 4.057414038080809, 7.079529502708666, 5.253913223488594, 4.2651357638406555, 2.7687496156841753, 7.340339307242421, 4.732707229123848, 3.579708413713293, 5.561931377965667, 3.1758197914734527, 4.905950123094358, 2.857958617384293, 2.8293961876477756, 3.6164631070003477, 5.043497956799051, 4.3829122800286395, 3.943098971098519, 4.348194964191615, 5.0729135735644775, 2.6916063612307113, 5.778469658912658, 3.8742357887439383, 2.575481381307963, 4.338220880230589, 6.650703236501274, 3.563167107866276, 4.38499543473781, 4.398914901419476, 3.9440853309195045, 4.057950570261329, 5.898331770196303, 3.511294504195803, 4.491303326005081, 3.615077758135433, 3.231112380663223, 3.9982385032646066, 4.794494230660749, 1.8498246830185021, 3.488396364374741, 4.430340320331348, 6.194463428029847, 5.241406243666871, 2.959082641921123, 6.375955545051548, 4.678741369311888, 3.2194135287526153, 3.6682135850320376, 5.191718547913708, 4.893120915283427, 4.237032563775214, 6.352250352769665, 3.39842497139328, 5.249567738300312, 4.275682972494208, 7.2197733700036455, 5.867686068223834]",0.77,"[0.7928740011904805, 0.5449471586762935, 0.8679128576428509, 0.6415511637306318, 0.28525112075413145, 0.3341625120687129, 0.24626138392253505, 0.6127538205922857, 0.4781735656829914, 0.3046161660914796, 0.38116959318215266, 0.21239969626711952, 0.5274909032200817, 0.2149548293594239, 0.1617193915026671, 0.2620289819597702, 0.4038006513546394, 0.727597331964265, 0.2291360266987927, 0.5816275988126526, 0.16796432843002754, 0.21041992935002082, 0.11056921857381412, 0.8092508605264632, 0.40390646423125354, 0.21798683107001787, 0.4868444258998511, 0.26059128863360076, 0.40103851087707715, 0.23199849222286664, 0.25114980652834096, 0.5973137478760578, 0.5733545299182137, 0.5971033338696702, 0.8060684527143038, 0.3803989422815216, 0.4968863776044953, 0.16239516250934583, 0.2844253908778826, 0.4785323207397187, 0.7409321117413095, 0.1274544097703097, 0.5322103349953443, 0.20473180766275087, 0.175123356821538, 0.2584563388248357, 0.6719688591986979, 0.4111274007748978, 0.5048499119654009, 0.6749320812985198, 0.5158666519308273, 0.242388207371822, 0.1803335801706445, 0.19660389550372454, 0.7179060082791275, 0.15347630391549708, 0.07061441701770188, 0.2608114484993811, 0.4129846985553068, 0.390073492394235, 0.2991779076697727, 0.17250059905992962, 0.2705159347605147, 0.06811476897245917, 0.4195318589786964, 0.13288947490303024, 0.0699395339648786, 0.38331160708378903, 0.38456252748561126, 0.06911991724739161, 0.05822512879290474, 0.26306643223743964, 0.3910181772813949, 0.43162045429258816, 0.1177956731966181, 0.05662900617719892, 0.30299117473436427, 0.2786123592638404, 0.2977655162114983, 0.04371824737215634, 0.24060589778633246, 0.05896314100825953, 0.20318005744674594, 0.034252902915556466, 0.13468111857021522, 0.3683612316782811, 0.12581539897315075, 0.21139248420575607, 0.11850707749259827, 0.03735546646476094, 0.09981032023912663, 0.10007623005916425, 0.10023713048314171, 0.0343808680881851, 0.07780528194377068, 0.02007608377043181, 0.038070655874709695, 0.018743921240029982, 0.19140834758408568, 0.14654965498287126]"
1.0,0.9984,0.9926,0.8263423172862572,0.37651274087748515,0.92,"[1.8188927314411263, 1.4521536626152152, 1.457173537289787, 1.4528850261606685, 2.640245756724589, 2.3648420819706306, 1.571124995774154, 2.502512668243412, 2.7282892523120044, 2.2355645482537554, 3.9455113171422163, 3.0187462499327617, 2.4256336028399055, 2.9557680866377183, 2.3854509307938105, 3.297102630257138, 2.019648852644682, 2.121008549286069, 2.7111520751983456, 3.2145631200480214, 3.052951474901797, 3.568971268113783, 3.2812280879204536, 3.803761661650541, 3.8863551874695936, 3.0177879984443017, 3.6413372984819343, 6.31583317426401, 3.2128239040779096, 3.695473852345259, 3.817921923888493, 3.3383961515532876, 4.163465714242797, 2.7025378463631196, 2.90179075553959, 5.26300061611322, 2.3942029351960095, 2.0637932112298376, 2.518132505033524, 3.751179136257118, 2.7248350866882767, 3.5006746034595846, 3.8242995004091167, 3.7439310209156673, 2.9134566566013866, 3.4442727845828482, 3.3895049311798617, 4.073528309942826, 2.609479087579059, 2.79084396280812, 2.1700066750301854, 3.1810703321812124, 3.033574738523905, 4.48838138050891, 4.415098415617866, 2.8035693145951264, 3.9102787016672016, 4.812488095778347, 3.171569878694071, 2.855210043088947, 3.6603084986236913, 2.8309772825484263, 3.568701429658173, 2.9963885767769334, 5.345063307889715, 5.571809391712305, 2.945210946395976, 5.1201759811189484, 2.081461152595077, 7.304322759483975, 3.630490960588576, 5.407134829112158, 4.479137507716005, 4.779555944956809, 3.1375776138293165, 4.272904097085286, 4.403456725045883, 5.1660288522689495, 3.4134175643308318, 4.305885200233561, 5.335936783353357, 3.9445327672714807, 4.241891533379712, 4.544480266577092, 4.471478920589984, 4.498365227578594, 5.044938708003392, 6.44256178449329, 2.822112699233303, 3.99378902297401, 6.064042645086851, 4.200287876141486, 4.604455725718147, 4.460967580153611, 5.718366049151082, 3.0106456993515973, 5.0422570247378315, 5.575799429817722, 4.919343370011942, 4.142483167274058]",0.8,"[0.5731227688121844, 0.7200216083845385, 0.6171624553089596, 0.8242489090671002, 0.758246920339606, 0.6939108613084005, 0.6768157225714443, 0.8019335288178486, 0.5039822683661789, 0.6209946868886032, 0.6312883208337101, 0.2949313124675781, 0.5588713660361212, 0.6619472804629009, 0.49023522994318125, 0.2005472780532306, 0.65438011819336, 0.7393156480605306, 0.3512176446255054, 0.15708991637160358, 0.21939769295644362, 0.579005142401751, 0.2643510087459013, 0.6186155195004819, 0.2804586702949157, 0.2727562672584456, 0.6855712656667887, 0.2847035734322024, 0.13312407776952964, 0.3125836356883814, 0.576835968135393, 0.15733686237321978, 0.11410202268327604, 0.6298151676545781, 0.22520740999046815, 0.6391164082982781, 0.2453657757605269, 0.538671673675926, 0.39985940830043293, 0.4489371011331791, 0.1290147080122356, 0.27489675682190595, 0.23141771323148588, 0.34097085291796897, 0.3784008869907427, 0.15098170032273042, 0.09530138024680697, 0.45743665295921, 0.347432069935505, 0.4561317661729261, 0.3036558746327089, 0.4673761313413052, 0.30270039776198765, 0.1404614301201236, 0.778139658373841, 0.14795100577223, 0.15848565344750004, 0.5319787807032106, 0.14383297375921328, 0.10249636599659746, 0.1892829956356792, 0.17821909905817782, 0.07886575127099213, 0.2619524732070777, 0.5583241588407352, 0.3140016972173207, 0.3186688722871612, 0.24139049301327678, 0.1672956482820673, 0.4989688500100961, 0.29210761877558006, 0.7264790302608426, 0.14281475116669914, 0.223185095790187, 0.06956925695889828, 0.3455921143461334, 0.4533115736702047, 0.7995520315158787, 0.11319188105739886, 0.08891422266223155, 0.29991893332039843, 0.19871321164728084, 0.2989096683968581, 0.5117526088981202, 0.08633021573988425, 0.3044604118292973, 0.10608934905335174, 0.2151341021812216, 0.07389499060975718, 0.035181010432684005, 0.03770988737686635, 0.10768866574189394, 0.015137551380319404, 0.029050171455356755, 0.07659429322319329, 0.04105473215654324, 0.05616208688331054, 0.00846380384037862, 0.015861282293250626, 0.018805830195183157]"
1.0,0.9936,0.9925,0.9170304257600259,0.3535552971000556,0.95,"[1.3981294318459838, 2.396111774148247, 1.5724208558561692, 4.298761674367821, 2.521397813679217, 1.6305694664559418, 1.8604075725797653, 3.4099847043408156, 3.5551928038595513, 2.1494704428764457, 2.1586631607827353, 2.4790913666735612, 2.0568822581809343, 2.50755139591009, 2.2124537152815247, 2.0831178610029486, 2.6062040627893275, 5.395276719061354, 1.858309330992796, 2.6921657126192624, 2.5706055293781844, 2.316174083900586, 5.325609683260142, 4.9247783400850205, 1.715489774278323, 2.4012999666061585, 2.3156238969915854, 2.194817805569066, 3.2459916295836395, 2.5689112732561536, 2.8822084078154546, 2.13165363013961, 4.252499685269182, 5.167474080064759, 3.1395212215446406, 2.962845284508786, 3.0272578725213446, 2.4019344188732177, 3.8146542968167747, 2.7064330387610998, 2.860881580209927, 3.917092207124858, 3.0961468862387482, 4.102416603165651, 3.8074966500074545, 3.4577851906753594, 3.8723939653278006, 2.3393388449730175, 3.162677530246963, 3.148654527037279, 5.050418404932787, 3.7045568210324635, 2.833388041739628, 5.728773467306639, 3.1089546171870497, 2.748696644093414, 3.878859347974166, 3.242163758798691, 3.733218467986285, 2.445087774638182, 5.110461559178587, 3.3734447042406703, 5.240574283081129, 4.021731448964178, 4.081760310613151, 5.489688794063405, 7.066322246048611, 2.738043719250385, 2.583445374009912, 5.797728989922944, 3.1280680267971688, 6.504932068185583, 2.4286200686850297, 5.959806578264562, 2.168367165297509, 3.239491432581218, 2.321140163021454, 3.7786753777994786, 6.371998157339479, 3.5314245965034967, 5.550864262538229, 3.022158163611353, 4.539559431591853, 4.632207216519388, 4.010417618572668, 4.756401078268917, 5.186886080946779, 4.186318673054398, 5.094688391283661, 3.981550472407065, 4.071019434949273, 3.2870122466764595, 4.432588210589646, 3.302019799739613, 3.077611432367693, 6.636607900391806, 3.864958770681243, 6.8909432416712075, 5.654773961452579, 5.9640240026671485]",0.76,"[0.6591389262484494, 0.6399769679749896, 0.8922876741212409, 0.6290760216706057, 0.7436112559929926, 0.9020023379612274, 0.7814719684291952, 0.7677744059435061, 0.6937427039692553, 0.570946680012219, 0.5946738141437992, 0.3487380668123381, 0.5019266614622199, 0.3400526591863979, 0.7054735949512342, 0.6469518175001294, 0.39343074520364335, 0.8416465450871284, 0.9222468448758552, 0.369490438184608, 0.38833542105911506, 0.5909871948820972, 0.7633416251976582, 0.8821008552117376, 0.8490573228572137, 0.27005861035575984, 0.5152204402782949, 0.8056325002860597, 0.3748717706695909, 0.6056081029162887, 0.3835043209054946, 0.8525165621373678, 0.6758136931698279, 0.20507314419231482, 0.7618274598502767, 0.2156938829423774, 0.9129814116173741, 0.6863051800822723, 0.1626342966177606, 0.10880584030032024, 0.7888028106558717, 0.06827849458077853, 0.6797162634709611, 0.7459497084037359, 0.1460695857622873, 0.34362412914119345, 0.8551033069074354, 0.3890981516061553, 0.16446981423553847, 0.3267200281627856, 0.6833398736572246, 0.3740872502196868, 0.2918937668181029, 0.7582275131429396, 0.6363804244165145, 0.33890962910247996, 0.40405183140542583, 0.8731549761788981, 0.7930897878502393, 0.13762153853321546, 0.37926106982941216, 0.3053906412236856, 0.6786452517017847, 0.10010334890186846, 0.22316284213736023, 0.6343227148124164, 0.4381113862675972, 0.23375419593882227, 0.2791113398764907, 0.7547457313535095, 0.35911911786530637, 0.569892306751119, 0.41605696658529157, 0.6759223561532257, 0.20851803243721395, 0.17573067710684287, 0.45003423146213223, 0.4966705794367274, 0.8213002934849721, 0.11839019138763869, 0.4318884397871865, 0.23058755356286878, 0.1984105152586477, 0.5445115752677063, 0.3068158984098931, 0.1433715170446005, 0.4956653248345066, 0.19545901302667848, 0.10906399956685162, 0.47329977985260385, 0.18958942976265544, 0.06990170895697838, 0.3202503723083104, 0.14231867689874134, 0.03872865795229749, 0.2902561991533369, 0.17237494175348855, 0.34817750870959013, 0.07984109472041563, 0.011273582893666477]"
